energy_gev,accepted,two_clusters,selected,peak_gev,sigma_gev,n_selected
0.75000,0.00040,0.00023,0.00020,nan,nan,34.00000
1.25000,0.02017,0.01689,0.01505,0.12392,0.01932,2513.00000
1.75000,0.05823,0.05151,0.04604,0.12949,0.02119,7643.00000
2.25000,0.08687,0.06402,0.05729,0.13751,0.01963,9578.00000
2.75000,0.10943,0.05315,0.04732,0.14349,0.02900,7891.00000
3.25000,0.12735,0.03891,0.03440,0.14540,0.02518,5737.00000
3.75000,0.13923,0.02464,0.02181,0.15042,0.02445,3633.00000
4.25000,0.15142,0.01502,0.01330,0.15136,0.02723,2219.00000
4.75000,0.15915,0.00993,0.00862,0.15213,0.02808,1432.00000
