energy_gev,width cut,shower-fit Δχ²,logistic regression (shape),logistic regression (raw),boosted trees (shape),boosted trees (raw),boosted trees (array),neural network (shape),neural network (raw),neural network (array)
0.75000,nan,nan,nan,nan,nan,nan,nan,nan,nan,nan
1.25000,0.29964,0.39286,0.44857,0.68092,0.59128,0.59031,0.91286,0.62643,0.58102,0.90500
1.75000,0.51086,0.63902,0.62518,0.73482,0.70077,0.71071,0.96223,0.76419,0.73417,0.94792
2.25000,0.85620,0.90127,0.91685,0.91666,0.94998,0.95509,0.99146,0.95428,0.95238,0.98476
2.75000,0.90549,0.92173,0.94879,0.93277,0.97145,0.97563,0.99080,0.97267,0.97379,0.98363
3.25000,0.91469,0.94060,0.95169,0.93322,0.96942,0.97704,0.98804,0.97473,0.97882,0.97941
3.75000,0.90088,0.94213,0.93624,0.91640,0.95605,0.96852,0.98153,0.96417,0.97087,0.97171
4.25000,0.89199,0.93162,0.92731,0.90668,0.94829,0.96535,0.97728,0.96068,0.96774,0.96627
4.75000,0.86950,0.90751,0.90245,0.88377,0.93886,0.95817,0.96609,0.94837,0.95929,0.95052
