true_distance_from_centre_cm,outward_bias_cm_log weighting,outward_bias_cm_two-shower fit,outward_bias_cm_ML (boosted trees)
0.5000,0.5027,0.0386,0.0396
1.5000,2.4797,0.1528,0.2985
2.5000,2.4506,0.7458,0.4217
3.5000,1.4800,1.0278,0.2507
4.5000,0.4956,0.3140,0.2471
5.5000,-0.4925,-0.3040,-0.2407
6.5000,-1.4847,-1.0314,-0.3118
7.5000,-2.4470,-0.7456,-0.4107
8.5000,-2.4787,-0.1514,-0.2434
9.5000,-0.4926,-0.0423,-0.0499
10.5000,0.5123,0.0418,-0.0006
11.5000,2.4864,0.1410,0.2421
12.5000,2.4517,0.7467,0.5770
13.5000,1.4839,1.0354,0.7291
14.5000,0.4941,0.3188,2.2251
15.5000,-0.5112,-0.4886,1.5327
16.5000,-1.4995,-1.3723,0.6775
17.5000,-2.5040,-2.3458,-0.2871
18.5000,-3.4997,-3.3669,-1.2535
19.5000,-4.4982,-4.4879,-2.1969
