true_energy_gev,median_cluster_energy_gev
0.300000,0.274567
0.400000,0.367614
0.500000,0.460567
0.600000,0.555979
0.700000,0.650575
0.800000,0.745037
0.900000,0.841816
1.000000,0.936646
1.100000,1.032512
1.200000,1.127508
1.300000,1.224808
1.400000,1.322744
1.500000,1.417743
1.600000,1.515159
1.700000,1.609273
1.800000,1.707742
1.900000,1.807598
2.000000,1.905579
2.100000,2.000610
2.200000,2.102385
2.300000,2.193055
2.400000,2.292010
2.500000,2.390607
2.600000,2.486567
2.700000,2.584893
2.800000,2.681829
2.900000,2.781656
3.000000,2.882566
3.100000,2.972067
3.200000,3.074713
3.300000,3.169221
3.400000,3.265099
3.500000,3.367553
3.600000,3.466909
3.700000,3.561511
3.800000,3.670887
3.900000,3.756193
4.000000,3.856428
4.100000,3.956802
4.200000,4.053720
4.300000,4.148706
4.400000,4.238910
4.500000,4.344542
4.600000,4.441227
4.700000,4.541853
4.800000,4.644045
4.900000,4.732675
5.000000,4.836082
5.100000,4.927874
5.200000,5.023342
5.300000,5.125293
5.400000,5.219242
5.500000,5.326433
5.600000,5.415726
5.700000,5.525736
5.800000,5.617584
5.900000,5.713041
