reconstructed_coordinate_cm,median_true_coordinate_cm
-15.1250,-16.3107
-14.8750,-16.6313
-14.6250,-11.7716
-14.3750,-11.6729
-14.1250,-11.6098
-13.8750,-11.5134
-13.6250,-11.4432
-13.3750,-11.3567
-13.1250,-11.2855
-12.8750,-11.2115
-12.6250,-11.1192
-12.3750,-11.0561
-12.1250,-10.9652
-11.8750,-10.8755
-11.6250,-10.7786
-11.3750,-10.6766
-11.1250,-10.5636
-10.8750,-10.4487
-10.6250,-10.3251
-10.3750,-10.1938
-10.1250,-10.0656
-9.8750,-9.9353
-9.6250,-9.8034
-9.3750,-9.6762
-9.1250,-9.5533
-8.8750,-9.4385
-8.6250,-9.3271
-8.3750,-9.2248
-8.1250,-9.1339
-7.8750,-9.0416
-7.6250,-8.9548
-7.3750,-8.8802
-7.1250,-8.8040
-6.8750,-8.7212
-6.6250,-8.6443
-6.3750,-8.5681
-6.1250,-8.4950
-5.8750,-8.4029
-5.6250,-8.2864
-5.3750,-8.2226
-5.1250,-5.8276
-4.8750,-4.9480
-4.6250,-1.7677
-4.3750,-1.6946
-4.1250,-1.5993
-3.8750,-1.5162
-3.6250,-1.4396
-3.3750,-1.3601
-3.1250,-1.2814
-2.8750,-1.2175
-2.6250,-1.1239
-2.3750,-1.0380
-2.1250,-0.9533
-1.8750,-0.8729
-1.6250,-0.7754
-1.3750,-0.6734
-1.1250,-0.5614
-0.8750,-0.4486
-0.6250,-0.3254
-0.3750,-0.1954
-0.1250,-0.0657
0.1250,0.0672
0.3750,0.1958
0.6250,0.3220
0.8750,0.4478
1.1250,0.5643
1.3750,0.6761
1.6250,0.7758
1.8750,0.8727
2.1250,0.9650
2.3750,1.0384
2.6250,1.1208
2.8750,1.2062
3.1250,1.2798
3.3750,1.3512
3.6250,1.4370
3.8750,1.5138
4.1250,1.5815
4.3750,1.6949
4.6250,1.7892
4.8750,4.1113
5.1250,5.0457
5.3750,8.2295
5.6250,8.3263
5.8750,8.3940
6.1250,8.4931
6.3750,8.5586
6.6250,8.6351
6.8750,8.7181
7.1250,8.7881
7.3750,8.8709
7.6250,8.9582
7.8750,9.0356
8.1250,9.1297
8.3750,9.2213
8.6250,9.3256
8.8750,9.4405
9.1250,9.5544
9.3750,9.6749
9.6250,9.8060
9.8750,9.9353
10.1250,10.0645
10.3750,10.1952
10.6250,10.3252
10.8750,10.4490
11.1250,10.5710
11.3750,10.6738
11.6250,10.7722
11.8750,10.8776
12.1250,10.9630
12.3750,11.0528
12.6250,11.1299
12.8750,11.2071
13.1250,11.2760
13.3750,11.3782
13.6250,11.4412
13.8750,11.5164
14.1250,11.5922
14.3750,11.7142
14.6250,11.7718
14.8750,15.8842
15.1250,16.6627
